{
  "ade": 2029.0399613966708,
  "fde": 4452.122620512279,
  "steps": [
    110.29166134661126,
    302.9312312846244,
    565.1621899337573,
    881.4983550083585,
    1234.8755407244103,
    1637.556571059446,
    2080.5375606771727,
    2549.091178183511,
    3029.8937986481315,
    3512.8703880914422,
    3991.648441290315,
    4452.122620512279
  ]
}