mmsi,trip,trip_len_h,tptrans_ade,tptrans_fde,tptrans_ade_1h_km,tptrans_fde_1h_km,tptrans_ade_2h_km,tptrans_fde_2h_km,tptrans_ade_3h_km,tptrans_fde_3h_km,traisformer_ade,traisformer_fde,traisformer_ade_1h_km,traisformer_fde_1h_km,traisformer_ade_2h_km,traisformer_fde_2h_km,traisformer_ade_3h_km,traisformer_fde_3h_km,kalman_ade,kalman_fde,kalman_ade_1h_km,kalman_fde_1h_km,kalman_ade_2h_km,kalman_fde_2h_km,kalman_ade_3h_km,kalman_fde_3h_km
305575000,0,3.67,2.49335055425343,4.964152259137346,0.9865868893679277,1.5684102314943273,1.525895230409557,2.7688683252201836,2.1121179414870754,3.9326192268259264,3.0171290446242933,7.922454664128191,0.8621420644319191,1.0001968338597915,1.445071977659955,2.2100419401100315,2.272430580256985,5.673524536142426,1.9390620816230995,4.407489814333326,0.21757930837801698,0.6277087856087804,0.9104862512985842,2.09489459116361,1.5423632053014373,3.546928206522119
305643000,0,2.75,17.18947037339492,47.52862001548282,1.711791985835411,2.224915620126357,9.403251195298658,30.934922052532805,,,2.496627128850245,2.345737928492921,1.5478637378146636,2.745666573752086,2.3242064438709655,2.7303619722612456,,,36.331141564893244,68.12556386645679,13.378181799833603,27.793913177221444,27.865511619667082,54.09000354827786,,
352005235,0,4.58,3.472136507986609,12.23036046948109,0.810454653415721,1.455168858269193,1.2080039208782782,1.5065910369732156,1.5832102593454942,3.435683480153484,2.703974101093745,7.742769904443368,1.0618433521385415,1.9481997053493292,1.5511312099529362,1.7367763741258877,1.8511341836193502,2.899544923663076,10.228437952644958,7.922147672068375,6.13558667001205,11.236210988100643,9.001701930378482,12.16524574101718,10.076896194717305,12.195960356413895
636015943,0,3.5,11.788998783720862,19.374782364755326,0.58518005675175,1.3884294649166722,5.778983861168318,18.71139575138601,10.725745492126007,20.341425268328823,22.47270278845771,64.05595796506726,0.8850564820388012,1.1484548324387953,6.12975281451284,21.82455232196128,17.422115167424096,53.84141354170441,5.966528682016831,11.566317683186641,0.39932689008164135,0.8254056914076313,2.206912583043599,7.948743426156807,5.204333191793424,11.910563816095289
