{
  "model": "kalman_filter",
  "window": 64,
  "horizon": 36,
  "parameters": {
    "process_noise_pos": 1e-05,
    "process_noise_vel": 0.0001,
    "measurement_noise": 0.0001,
    "dt": 300.0
  },
  "validation": {
    "ade_meters": 7602.19482421875,
    "fde_meters": 18654.34765625,
    "per_horizon_ade_meters": [
      83.4725112915039,
      221.84854125976562,
      407.38446044921875,
      632.6395874023438,
      892.4512329101562,
      1183.263916015625,
      1500.4893798828125,
      1841.0750732421875,
      2205.34619140625,
      2592.42236328125,
      3001.21240234375,
      3430.575439453125,
      3879.798828125,
      4348.166015625,
      4834.8349609375,
      5339.06396484375,
      5861.3369140625,
      6401.1904296875,
      6958.17578125,
      7531.9150390625,
      8121.82470703125,
      8727.6123046875,
      9348.287109375,
      9983.5517578125,
      10633.1162109375,
      11296.884765625,
      11974.888671875,
      12666.7333984375,
      13372.0654296875,
      14090.6513671875,
      14821.9775390625,
      15565.6298828125,
      16320.9755859375,
      17087.87109375,
      17865.802734375,
      18654.34765625
    ],
    "n_samples": 109149
  },
  "test": {
    "ade_meters": 7307.77978515625,
    "fde_meters": 17946.12890625,
    "per_horizon_ade_meters": [
      77.94109344482422,
      209.41868591308594,
      386.7936706542969,
      602.751220703125,
      851.9935913085938,
      1130.322265625,
      1435.06103515625,
      1763.9405517578125,
      2115.20654296875,
      2488.23193359375,
      2881.899658203125,
      3294.979736328125,
      3727.196044921875,
      4177.5810546875,
      4645.4833984375,
      5130.89892578125,
      5633.4658203125,
      6152.58740234375,
      6688.169921875,
      7239.607421875,
      7806.5732421875,
      8388.59765625,
      8985.5537109375,
      9596.9453125,
      10222.1494140625,
      10861.119140625,
      11513.5185546875,
      12179.306640625,
      12858.2041015625,
      13549.6767578125,
      14253.4658203125,
      14969.044921875,
      15696.240234375,
      16434.94140625,
      17185.056640625,
      17946.12890625
    ],
    "n_samples": 115390
  }
}