{
  "model": "kalman_filter",
  "window": 96,
  "horizon": 12,
  "parameters": {
    "process_noise_pos": 1e-05,
    "process_noise_vel": 0.0001,
    "measurement_noise": 0.0001,
    "dt": 300.0
  },
  "validation": {
    "ade": 0.0036263063084334135,
    "fde": 0.007879744283854961,
    "per_horizon_ade": [
      0.00023865954426582903,
      0.0006133595015853643,
      0.0010923549998551607,
      0.001654963823966682,
      0.0022905648220330477,
      0.002991198329254985,
      0.003739863634109497,
      0.004521421622484922,
      0.0053271641954779625,
      0.006157575640827417,
      0.007008807267993689,
      0.007879744283854961
    ],
    "n_samples": 10000
  },
  "test": {
    "ade": 0.003454049816355109,
    "fde": 0.007666953839361668,
    "per_horizon_ade": [
      0.00021978281438350677,
      0.0005640885792672634,
      0.0010083346860483289,
      0.0015373743372038007,
      0.002138697076588869,
      0.0028004110790789127,
      0.0035133594647049904,
      0.004267995711416006,
      0.005064306780695915,
      0.005899748764932156,
      0.006767545361071825,
      0.007666953839361668
    ],
    "n_samples": 9217
  }
}