{
  "overall": {
    "ade": 0.0037117269821465015,
    "fde": 0.008140863850712776,
    "per_horizon_ade": [
      0.0002432051405776292,
      0.0006389525951817632,
      0.0011454180348664522,
      0.0017233822727575898,
      0.0023513277992606163,
      0.003029188606888056,
      0.0037687832955271006,
      0.004567698575556278,
      0.005416792817413807,
      0.006302895490080118,
      0.007212216034531593,
      0.008140863850712776
    ],
    "n_samples": 7012
  },
  "scenarios": {
    "straight_low_speed": {
      "count": 0,
      "ade": 0.0,
      "std": 0.0
    },
    "straight_high_speed": {
      "count": 0,
      "ade": 0.0,
      "std": 0.0
    },
    "turning": {
      "count": 35,
      "ade": 0.0034795822301308716,
      "std": 0.003287891530486837
    }
  }
}