{
  "spatial_mae_m": 7922.5167236328125,
  "spatial_mae_m_std": 284.2714288112832,
  "spatial_p50_m": 7547.86083984375,
  "spatial_p50_m_std": 420.9372783768629,
  "spatial_p95_m": 14152.06396484375,
  "spatial_p95_m_std": 606.6853905019518,
  "sog_mae_kn": 1.6491176187992096,
  "sog_mae_kn_std": 0.07141087439976235,
  "cog_mae_deg": 26.44521188735962,
  "cog_mae_deg_std": 1.9836144770859527
}