{
  "spatial_mae_m": 7792.776184082031,
  "spatial_mae_m_std": 234.4222747786787,
  "spatial_p50_m": 7433.602111816406,
  "spatial_p50_m_std": 348.3536216458736,
  "spatial_p95_m": 13937.697998046875,
  "spatial_p95_m_std": 532.6974808767616,
  "sog_mae_kn": 1.674870491027832,
  "sog_mae_kn_std": 0.07934438314655057,
  "cog_mae_deg": 27.882884740829468,
  "cog_mae_deg_std": 1.1794497974450064
}